id,name,category,brand,price,discountPrice,stock,rating
6871ca11-ca6b-49b5-a260-c59cb2b3be57,Product_1,Electronics,UrbanWear,1395.98,1178.72,386,4.1
b4282e1e-0fa0-48cd-b05e-718729b6b521,Product_2,Clothing,GlowCare,959.88,830.12,186,2.0
8255f8d8-0c05-4603-a508-274f7242a230,Product_3,Books,HomeCraft,439.47,293.28,122,1.6
26c0dbfa-e0b3-40be-acba-1105df7e7345,Product_4,Home,NovaTech,210.84,131.66,325,4.4
5836ae5b-d540-45a3-afa8-0d3e24622a35,Product_5,Home,GlowCare,681.34,364.8,448,2.3
1ae32d0c-554c-4c7a-9a1d-0408e4bf1058,Product_6,Electronics,HomeCraft,836.26,665.2,246,1.6
71d5ebef-f3f2-4297-bb1a-b4ed900273cd,Product_7,Electronics,GlowCare,661.4,548.65,170,2.0
0918228c-7de8-4adb-bd9d-bc2d8670abac,Product_8,Home,HomeCraft,102.92,73.69,231,4.7
67a70186-ba64-408f-b05d-5aa599342de5,Product_9,Beauty,BookNest,500.82,337.0,178,2.1
8077127b-c236-4ca7-9648-e3c3148ff2d8,Product_10,Home,UrbanWear,1088.99,762.74,393,4.8
22d90203-d6b9-4532-b266-57f9e8120e32,Product_11,Sports,NovaTech,341.79,176.17,488,4.3
861c73cd-d15d-4960-af29-3755ab418518,Product_12,Sports,GlowCare,1055.73,677.1,214,3.4
5367c0af-18c3-48d0-bc80-8ce8758dbbb0,Product_13,Clothing,NovaTech,702.0,445.32,179,4.5
0a57d740-498b-498a-9581-42052484b035,Product_14,Beauty,GlowCare,1336.86,867.19,195,3.5
b113b3e4-7e2a-4f6f-b5fa-f4016f18e944,Product_15,Clothing,UrbanWear,1126.3,765.65,204,1.7
e3452683-6a5d-4260-aa60-ee31b7fd391c,Product_16,Clothing,NovaTech,1016.76,605.54,271,1.0
7c0e143d-6c05-49b5-9df6-461400796ce6,Product_17,Beauty,GlowCare,544.41,514.04,270,3.2
8c116045-b2f5-488f-b070-de4a1a5ec786,Product_18,Electronics,NovaTech,1223.88,669.44,487,1.9
7154a261-ddd0-4e94-99fb-4e187b75a37d,Product_19,Electronics,HomeCraft,990.58,536.77,36,3.9
c7ba50cf-ac20-4198-8fe9-2dcb74018448,Product_20,Electronics,UrbanWear,267.2,178.0,31,1.1
c85f3e62-88a3-4cba-88d1-833567cb58b5,Product_21,Electronics,NovaTech,814.89,458.96,374,1.7
f04919b2-20ff-44fd-a942-7171e78c4ce2,Product_22,Books,UrbanWear,702.35,641.29,67,4.0
a4d53bca-3f5f-4576-8f90-2889df492627,Product_23,Electronics,HomeCraft,1198.33,962.3,356,2.4
560cbe53-df43-4661-a7e1-984893b3c845,Product_24,Clothing,HomeCraft,1717.38,1125.53,493,4.4
9ce9febb-8e8d-4e22-967e-b0d889bfca1c,Product_25,Books,UrbanWear,66.97,38.78,285,3.7
fcec492b-d683-4f68-ae3f-c206231629bd,Product_26,Home,BookNest,632.33,411.07,30,4.9
f7ca13ab-ac5b-4c81-aa51-7b6c551de474,Product_27,Home,UrbanWear,1801.78,994.98,311,2.6
5ccdf814-16fd-40dc-949c-91f2a867a4a2,Product_28,Electronics,HomeCraft,588.74,541.9,66,4.5
a28f9915-7ff6-4596-952f-69debde4cf33,Product_29,Clothing,UrbanWear,1179.66,662.54,167,1.4
e203c4a4-589a-47cb-abc5-eebcddf292c7,Product_30,Beauty,HomeCraft,1295.56,1021.78,127,2.4
417528d8-a029-4d01-8b4f-93714108bb4b,Product_31,Home,FitPro,1880.65,1493.74,360,4.4
a0260714-1d54-45b5-b36a-cd8822db264d,Product_32,Electronics,GlowCare,1561.31,785.82,204,4.6
19ca6eef-de80-45db-81c8-ccccdf74d5e9,Product_33,Beauty,UrbanWear,1152.07,954.8,169,5.0
7372c3db-2bae-4eb1-ad89-b10218f18b75,Product_34,Sports,UrbanWear,1017.05,697.28,433,4.3
462b8796-363a-4943-9b96-788149059fab,Product_35,Clothing,FitPro,225.46,144.61,95,3.0
093a024e-5606-4c27-9fde-91e81c9d5bb9,Product_36,Electronics,FitPro,1673.96,1012.25,326,3.1
43a84dfb-f3c3-4a2d-b0d9-a48adaa83e8e,Product_37,Beauty,NovaTech,773.4,716.35,131,3.5
5101bd06-d08c-4781-aa18-860e8d863467,Product_38,Clothing,BookNest,167.91,104.52,250,3.1
993d3d15-5e76-47c8-8d01-4d568ccdb9f3,Product_39,Sports,BookNest,572.79,477.82,322,3.6
b6711135-aaf6-4c30-a88f-0a6f2536d437,Product_40,Beauty,GlowCare,29.66,24.6,33,1.9
a60f24f9-d8f5-4029-8d1e-ae8087ec36f4,Product_41,Clothing,UrbanWear,865.44,461.57,121,2.5
7cbc1bd5-42e8-4c3d-b0cb-e361be01ebd5,Product_42,Home,NovaTech,1365.93,797.26,171,4.9
c7fed655-fc46-4d96-abb6-77ea2397b815,Product_43,Electronics,FitPro,258.8,217.58,132,1.2
3feb4b51-d30a-4c1b-bca5-a73cd7eeb926,Product_44,Books,GlowCare,1427.42,846.33,446,1.5
363187dc-385c-4fa0-919f-378bf4b31769,Product_45,Books,BookNest,34.28,26.27,177,1.7
eb6eac0c-0540-40a5-8655-475253367aea,Product_46,Beauty,NovaTech,1847.38,1185.48,421,1.4
ba190bea-b2c2-4b29-87e7-6ef8e0790624,Product_47,Home,NovaTech,1741.34,1267.12,134,4.9
e1d6e84e-adef-40b4-8073-39bc9fde19a9,Product_48,Clothing,GlowCare,630.96,534.65,355,1.9
3e98cea5-af89-4694-96ec-d24bae6d0375,Product_49,Electronics,NovaTech,777.48,573.04,405,1.9
ba76ce77-ce9a-4ceb-953a-7a529bf329a3,Product_50,Sports,GlowCare,1676.55,911.6,465,2.0
f8b27771-36b8-4b7b-bd07-8e7c3cefd69f,Product_51,Electronics,HomeCraft,1341.17,743.77,70,3.4
0545c152-675d-49d0-9004-34ced8ff6f38,Product_52,Beauty,FitPro,786.31,542.22,190,4.2
cb0514bf-121b-493a-800f-3c55284de85c,Product_53,Home,HomeCraft,1714.94,963.84,459,3.1
8bc3c69f-c6ec-41ca-841c-b9e48cb12291,Product_54,Sports,HomeCraft,22.25,16.65,399,1.2
4ded7385-dba3-4616-b62b-6201bce6f501,Product_55,Books,GlowCare,1223.66,986.06,461,4.4
e34bcf73-1d1c-4a61-bca1-19d360976c31,Product_56,Sports,HomeCraft,543.2,309.36,300,2.4
cc0e9c1d-a5e8-43e2-b3b7-47b5bb58d839,Product_57,Books,UrbanWear,1618.6,1342.54,408,4.6
0473b9d2-a837-4f54-ac9f-4f7cc5b9cfff,Product_58,Books,UrbanWear,773.94,721.95,372,2.8
8c572000-2095-4d7d-9234-2797effdfcd8,Product_59,Sports,HomeCraft,574.51,389.21,55,3.1
bef11184-797c-4fd2-b7a2-af39191c9fbb,Product_60,Beauty,HomeCraft,1513.19,897.17,334,1.7
a59ae5c6-cd98-4eeb-a1c7-3e1d0be5aaa5,Product_61,Sports,FitPro,782.44,577.86,149,3.3
355f7223-fc5d-448c-b04f-91bccefd1a26,Product_62,Sports,FitPro,1368.01,1200.68,177,4.3
4d4354ec-d3fc-4cfc-b347-205bb757676f,Product_63,Sports,FitPro,69.37,49.94,251,3.8
34f3fd11-d48f-4d11-85ce-ea91ea267b02,Product_64,Beauty,GlowCare,974.72,686.81,34,3.8
5b2719c4-9b75-487e-8a74-24bc50a3b84b,Product_65,Electronics,HomeCraft,864.23,561.48,379,2.1
2bf1132d-5931-462b-a7ca-9d4326dafb85,Product_66,Electronics,HomeCraft,1556.56,1134.76,415,2.0
61cc147e-4685-42ff-8273-08710ed71a46,Product_67,Clothing,BookNest,1814.46,951.17,130,4.3
6b7b6f55-cd4f-4d4f-9d1f-922cb1c8c798,Product_68,Books,BookNest,307.35,202.93,406,1.4
a2045300-cddf-47c5-9e6e-974402d32e71,Product_69,Beauty,NovaTech,1566.3,902.49,442,4.4
c0980fff-dfef-4d9c-90c9-a4ed6bc0b7e3,Product_70,Home,GlowCare,642.12,375.15,6,1.6
cce0e0b2-803c-43d5-86ae-859d09a958e9,Product_71,Sports,HomeCraft,342.17,226.9,44,4.9
d05b8468-3667-425c-bd86-990185b10af9,Product_72,Clothing,UrbanWear,1363.64,798.77,352,2.0
3d195dad-d1c0-49d3-a53d-c54a63f5d988,Product_73,Books,HomeCraft,1657.37,1101.18,220,2.5
1765b4f0-2452-4c8b-a125-ed9c99948bf3,Product_74,Sports,FitPro,423.39,223.95,258,1.4
0e8de560-0c26-45cb-8baa-9667c569d1e5,Product_75,Books,BookNest,1614.74,863.78,425,4.3
9b742229-e9ec-41f2-8095-b305f65573f3,Product_76,Sports,UrbanWear,302.98,163.81,5,4.1
6364e77e-5cd8-482b-ae7c-749c9b5f49b5,Product_77,Home,FitPro,1273.13,827.12,407,3.9
1a8851ac-9fb0-48d4-a0bf-4cdaf9b1eaea,Product_78,Home,GlowCare,921.75,638.29,282,3.9
b335d47b-b5c5-4fbe-b538-03e0d8c732ec,Product_79,Books,BookNest,552.0,282.02,239,2.3
4bbd3b91-c839-49f1-87d3-aa655293bd35,Product_80,Home,UrbanWear,1108.69,917.97,178,1.8
c3a531d1-81c1-4971-b705-a1a1a839e3b4,Product_81,Home,NovaTech,1911.02,1475.92,424,1.9
7ee8b120-6322-4269-9c82-1f1034b2749c,Product_82,Beauty,NovaTech,1190.46,632.87,32,3.6
421f79e2-950e-4073-afa7-cbcc4460fb90,Product_83,Home,BookNest,1263.87,747.25,62,1.6
050f8618-efcf-43a3-bd64-ece4a55e4b5b,Product_84,Beauty,NovaTech,1222.73,669.52,177,1.7
0ce707ba-66b5-4c4b-912e-42bd2ac9db6d,Product_85,Clothing,FitPro,836.97,508.27,217,1.6
d579f631-c12f-4e9c-b352-e07b353c1c55,Product_86,Clothing,FitPro,1960.41,1797.36,45,3.0
f708334c-b750-482b-8574-91f089335e31,Product_87,Sports,BookNest,801.58,600.64,67,4.6
8b072233-82b9-4f53-ac2d-666e5c9c0cfa,Product_88,Clothing,FitPro,823.22,463.55,212,3.4
fb8c2f87-98da-4896-9717-a8403f1ea121,Product_89,Clothing,HomeCraft,443.43,356.98,234,1.6
8024aad0-fd1c-4b65-a1df-63eb810ebfb3,Product_90,Clothing,BookNest,432.57,331.25,297,4.9
e9d69ad3-87b8-4a7a-a693-661467cc37d6,Product_91,Home,HomeCraft,1823.77,1686.66,368,3.1
f7151387-66de-4866-8743-4c066555e6e6,Product_92,Clothing,NovaTech,315.41,196.64,251,2.2
f4b7c2be-27a5-40e5-86b9-881af0780b90,Product_93,Sports,BookNest,36.07,18.57,275,1.2
51609a81-727a-40d7-9ffc-6f25d094de16,Product_94,Clothing,GlowCare,1496.7,1002.17,36,3.6
8e30e637-4f8b-4ce2-95d3-559e027f7b54,Product_95,Books,BookNest,723.3,458.32,405,1.3
7ba284c8-91a6-4adc-9973-f20d3361508e,Product_96,Books,UrbanWear,1671.67,1455.65,104,2.4
b2411eee-eb12-4a96-a1e3-f69302aa411c,Product_97,Beauty,UrbanWear,1353.46,1226.4,87,1.7
c0d2a537-3477-43cf-9ac6-fa6489a4c6c0,Product_98,Electronics,HomeCraft,396.03,256.22,283,4.1
1f4f04e2-5f94-400f-8727-56ef9fbd7187,Product_99,Electronics,NovaTech,1743.65,1470.21,89,3.1
74dbcee4-4ae7-4d3f-8c2f-828d61183451,Product_100,Beauty,FitPro,1684.06,899.01,113,2.5
25421ee0-8e30-4ee3-b8fb-f1cc52d32d39,Product_101,Electronics,UrbanWear,832.51,433.05,29,1.8
3a15d42c-7c80-4fc2-a502-a69155dbbf5d,Product_102,Beauty,UrbanWear,1019.71,740.08,407,1.1
b345187a-e019-4baf-b160-e3543dc58dd6,Product_103,Clothing,UrbanWear,17.48,14.86,81,4.3
5e19efe7-63ca-43c8-8da4-bf4deac2487c,Product_104,Books,UrbanWear,1669.16,1223.75,33,4.4
8bc0bc08-794f-4a84-9fdf-9fc4ef5b6c99,Product_105,Electronics,HomeCraft,1319.04,1220.08,286,3.1
7019afd5-2d7d-4e7b-9365-755ad435911e,Product_106,Books,HomeCraft,367.67,259.75,440,2.6
c5b40bb9-8605-46a5-82dd-ddb2e0877f9d,Product_107,Clothing,NovaTech,229.95,123.45,212,2.3
c9fb1d36-e59c-44b7-8b55-132d4d1cead1,Product_108,Books,HomeCraft,769.92,574.05,97,2.7
01002831-b1c8-42d1-bcb1-fb5335b97735,Product_109,Electronics,FitPro,1460.27,1339.76,183,3.2
cf87a53c-8b65-4f69-944c-503e816c2e4f,Product_110,Clothing,GlowCare,1907.09,1741.44,462,5.0
3057470d-dc5e-4235-a6f2-9eb88f8f4363,Product_111,Electronics,GlowCare,356.45,178.98,310,4.7
832f880b-69ec-47e2-9547-70c9be24a789,Product_112,Books,HomeCraft,1058.21,614.72,268,1.6
d8860d0d-7a4f-4059-845e-10ea0f9661c8,Product_113,Books,NovaTech,686.35,547.76,179,3.6
e5f1556d-ef30-42a5-a151-e7e3060c4843,Product_114,Beauty,FitPro,1259.62,1053.23,243,1.5
00b0a2c4-c873-45bd-ae19-ff7d931ce9af,Product_115,Books,HomeCraft,1902.39,1180.49,428,4.3
51d3e6bd-9374-4fdd-ba91-52e1eb85cce2,Product_116,Electronics,UrbanWear,1253.54,807.2,97,1.1
bfae5c1c-1fd2-4572-9ad4-95c3ad49cc7a,Product_117,Beauty,UrbanWear,916.38,669.57,386,1.1
c181367e-b5dd-4a3b-96f9-27ce47354da3,Product_118,Books,BookNest,468.27,368.14,57,3.9
345b1831-8707-4015-8b40-b7fa1e983fca,Product_119,Clothing,BookNest,79.53,57.27,307,1.1
82205a8b-7c6d-4ab9-a806-bb6c2b8c1ad9,Product_120,Clothing,NovaTech,684.65,567.8,96,3.3
030be81e-bb01-494c-8d3f-0c0641a6c88f,Product_121,Sports,NovaTech,587.64,315.5,402,2.2
a52c89f5-6b4f-4127-83b8-63a88c95d24f,Product_122,Beauty,UrbanWear,128.25,106.78,25,1.1
beda166b-5d21-496c-b5d9-ba9138d7b600,Product_123,Books,NovaTech,1158.74,987.03,205,1.2
fa47b108-67ab-44fc-9a9b-f732db6e243e,Product_124,Sports,BookNest,1223.04,1021.34,400,1.6
0f74249d-721f-460b-b6e8-98460b8f941c,Product_125,Clothing,NovaTech,1238.87,1151.06,322,2.9
1c4a3fca-7d6c-4caa-8e09-6d0f7b7fc533,Product_126,Electronics,UrbanWear,1415.96,1116.5,94,3.4
d1e3089e-632c-4dde-9fc7-8e1b161b8fca,Product_127,Beauty,NovaTech,1508.44,1157.32,34,2.8
c2b10e47-f36d-4e4e-8e85-7e46ca768e69,Product_128,Clothing,FitPro,823.96,569.51,338,2.8
08c82a4b-ceed-46df-82c2-ef1bb57173a7,Product_129,Home,HomeCraft,660.63,579.24,22,1.2
63650c64-fe41-46e7-a47a-b9ba57ec69fa,Product_130,Beauty,BookNest,1157.69,1097.16,215,3.6
43fe0b89-8ea3-4ab4-894b-0e669a1d911e,Product_131,Home,BookNest,154.42,143.43,274,3.7
fd06a2ac-734e-4904-8fc6-371f035a02a0,Product_132,Electronics,NovaTech,235.1,162.19,299,2.2
47337a3d-0b70-4809-b4fe-338bb10ecd40,Product_133,Clothing,FitPro,1194.29,1043.75,225,2.5
250deb88-257e-4f53-bf62-0789c7944279,Product_134,Books,BookNest,1076.88,913.32,446,5.0
08ae0d5a-6607-4535-9e21-ec9450bbf7dc,Product_135,Home,FitPro,682.23,505.85,402,1.1
a4cad995-983f-48b5-990f-2d96e58afdbf,Product_136,Home,HomeCraft,87.39,66.9,49,3.5
dd3a4c74-54a1-44fb-ad79-2ca761b1c2ec,Product_137,Clothing,NovaTech,1107.38,619.13,23,1.1
f92058eb-e632-4885-a59d-e93d7a41cbef,Product_138,Electronics,GlowCare,791.73,693.17,192,4.6
7a738f23-30a9-4c26-b3b0-8f09c6833207,Product_139,Electronics,UrbanWear,1697.13,1470.82,233,4.3
0c9ed0ba-b5d1-4b43-87c6-892e04d3a181,Product_140,Electronics,UrbanWear,275.56,248.96,216,2.4
c31cb867-1142-401c-b3f4-88ada13c9cc9,Product_141,Home,NovaTech,1087.15,945.94,133,2.2
4e0ff8df-72e1-403c-9374-b28f04ce334d,Product_142,Sports,FitPro,1709.32,1370.39,191,3.2
ecbfe083-2024-4812-b372-b857c7ea97dc,Product_143,Sports,HomeCraft,1147.03,1062.02,16,3.4
dffeeb7b-c27f-4276-a3ef-9e05c3b921d7,Product_144,Electronics,FitPro,567.57,320.23,129,3.5
65e83400-eef9-4e08-83c0-18dea4d4470f,Product_145,Clothing,HomeCraft,1713.17,1459.13,158,1.6
aa156da2-168f-4510-80c2-dd8f055b59a1,Product_146,Clothing,BookNest,758.9,493.03,148,1.7
3baec7c3-8340-4be9-b77f-8e8a4bc3ae3b,Product_147,Clothing,NovaTech,464.78,440.85,175,2.7
c85610c2-3355-4440-b26b-a8939236c0a9,Product_148,Home,HomeCraft,1115.33,700.52,141,2.4
987a7908-e4ba-434c-9eb5-fd565029c95b,Product_149,Clothing,UrbanWear,939.52,757.67,221,3.0
a8b95183-28f9-474d-a5bc-313484a61b73,Product_150,Clothing,BookNest,1494.4,1404.2,465,4.1
37426b3a-489f-4fa0-ba14-431c3fc26491,Product_151,Beauty,FitPro,554.27,497.05,138,1.2
17f5a473-dd13-484d-8fce-e9e16c83cd4f,Product_152,Books,BookNest,645.44,345.94,118,2.2
f344c7b2-0e1f-4f4c-b50c-76f53a9b0295,Product_153,Electronics,GlowCare,1322.99,671.11,476,4.9
3ae92ebf-9300-418a-b34b-fd27bc946573,Product_154,Books,HomeCraft,1505.04,991.71,3,3.9
5aa70587-98fb-4a57-a10a-e02ff01d4c8c,Product_155,Electronics,BookNest,1696.33,1155.69,238,2.3
6c27ea05-20a4-4e98-977d-c002afca67a1,Product_156,Home,BookNest,206.28,105.71,172,1.1
cfd2d6b5-f047-4a64-a654-83d0292642b1,Product_157,Beauty,GlowCare,143.26,103.49,322,4.8
7c917839-d806-479f-8f5c-2a289327b7f8,Product_158,Sports,GlowCare,872.27,759.94,334,1.7
fb2c64e6-9b1b-436e-974c-c974afad3986,Product_159,Books,UrbanWear,1604.87,1297.32,499,4.0
2a3a34cb-4264-4527-a2b1-248a7f932d26,Product_160,Home,GlowCare,1501.32,895.76,68,3.8
fee963c2-f68c-4fa9-8d18-048d64fc65f4,Product_161,Electronics,FitPro,1391.48,991.27,201,3.8
dc5023e2-c998-4381-aa7b-ad51958967fa,Product_162,Sports,BookNest,501.25,323.8,291,2.5
7966f00a-bafa-406d-97af-98f86cb14beb,Product_163,Sports,BookNest,1039.97,669.12,222,4.2
6fbb9e4e-6a15-4e8d-9d43-6271c7e6a9b6,Product_164,Home,FitPro,194.54,167.55,117,3.3
e4d72859-c17c-4733-b7aa-f7fbd1affd20,Product_165,Beauty,UrbanWear,921.04,621.95,257,4.0
00d40cd6-9bf7-48ba-ab77-23d234d8e0cc,Product_166,Home,BookNest,669.12,363.51,413,3.6
e7305891-ba35-4daa-9552-d61ae0824b13,Product_167,Books,FitPro,46.17,34.64,122,4.2
cf33e2e6-a516-45c4-ab77-5415437588e3,Product_168,Clothing,NovaTech,992.43,673.76,135,4.7
26a0acdb-3a81-44bb-b9a0-d7031faa57b5,Product_169,Beauty,GlowCare,218.11,109.98,164,1.8
df46e414-bdc0-44b8-8788-3eda395e6ed0,Product_170,Books,HomeCraft,588.6,544.04,312,2.1
575c2b1b-39c4-4b86-b6cf-3866ba89644b,Product_171,Books,FitPro,199.16,142.04,423,3.7
383bf4b0-6b7e-4ec2-8198-85e63277462f,Product_172,Sports,HomeCraft,405.68,223.96,471,2.2
21ba2250-a152-43f3-8cf2-0fb3b1997d6e,Product_173,Books,FitPro,1133.76,937.15,179,4.3
9f4aac6c-4e3a-4630-b4a4-b893b49cf7ff,Product_174,Electronics,GlowCare,1674.69,1278.87,22,4.0
b823a8ee-8dc1-48e6-aa07-fa152e1990e6,Product_175,Books,HomeCraft,1938.34,1506.62,193,1.7
7b032cf3-c533-421e-84f8-81002fc206ad,Product_176,Electronics,GlowCare,1865.08,1226.7,493,1.9
4503929d-87f3-4567-be5b-eb33761cc22b,Product_177,Clothing,GlowCare,17.61,10.36,330,3.5
8813e298-a1ac-4617-b7ef-94612686f31e,Product_178,Sports,NovaTech,1206.38,1114.17,136,4.8
9c7e11a3-9f94-44d6-b56b-1bd9be760ebb,Product_179,Clothing,FitPro,193.37,154.26,135,4.2
e2544b78-145a-4a46-b0b2-acba225a3d30,Product_180,Sports,GlowCare,475.77,444.49,438,3.8
40210ce7-6148-4bd1-9b4a-2458753ece85,Product_181,Sports,BookNest,1027.24,691.0,8,1.2
041d3a23-70fd-4a0d-88e9-e90ee09259b4,Product_182,Electronics,BookNest,1836.01,1547.46,324,2.0
b8599211-f211-493c-ab69-5198fb1844d1,Product_183,Home,NovaTech,557.25,381.1,177,3.9
781fef9a-35d2-4bf6-9ba6-efdfd697ac24,Product_184,Clothing,HomeCraft,1114.51,719.46,318,4.4
55950a7b-2a96-4802-8c74-d50df5ecaab1,Product_185,Electronics,FitPro,1608.06,871.21,60,2.0
1d4d89fc-69cd-4b60-b82a-801b86af054a,Product_186,Beauty,UrbanWear,762.13,402.32,345,4.0
a2e9d3a7-f01d-447b-8484-85fc34cf07aa,Product_187,Home,NovaTech,702.91,474.49,439,2.8
31f7532a-8ed9-4756-95b2-cfc917f72738,Product_188,Books,HomeCraft,840.66,478.87,170,1.1
03b74e4e-6bb5-43ae-ac73-71cb96fc04ab,Product_189,Clothing,UrbanWear,1323.99,997.67,437,4.0
e2f57b49-396c-4a33-adee-2e9cb97f1249,Product_190,Home,HomeCraft,73.04,51.99,309,4.6
decea333-c1fe-4529-9c0e-815090835ad1,Product_191,Beauty,BookNest,1494.31,1086.14,155,1.0
820a960f-869d-4b99-b8c1-e04603e3078c,Product_192,Sports,HomeCraft,1828.52,1608.64,126,2.8
7807c0f4-2dff-4ce1-a8b1-6e4ec2d692df,Product_193,Books,HomeCraft,783.49,449.66,249,4.0
be246fa5-aef6-469c-8e98-768a79f7236a,Product_194,Home,BookNest,1184.64,635.81,440,3.0
e0fcbebc-05be-4fdf-9af2-73245d619e87,Product_195,Electronics,UrbanWear,670.95,634.14,455,4.0
37116639-83e6-45e7-96f4-3a8dc42a9b26,Product_196,Electronics,UrbanWear,71.35,59.91,397,3.8
02fbd017-03e0-4703-a338-51713599ee37,Product_197,Books,UrbanWear,804.91,460.87,40,3.8
1042eb46-ab51-4475-bee7-2bf647496aaf,Product_198,Books,HomeCraft,226.56,173.7,319,1.2
322138dc-2d19-4985-9826-15b36e0d094e,Product_199,Sports,GlowCare,420.02,301.81,108,2.8
810fdbb8-b9cd-47bd-90a2-5b21db026bd1,Product_200,Clothing,FitPro,360.66,268.81,490,3.5
8a6ffa05-28d4-4ef9-a563-5fea55db4623,Product_201,Clothing,BookNest,181.05,90.86,43,2.1
5260debf-28b2-4f99-916c-4f87a67aedc4,Product_202,Beauty,GlowCare,781.2,608.24,4,4.3
2404ca46-06db-496c-b838-5afeacbadc92,Product_203,Books,UrbanWear,25.24,22.32,23,2.1
4d60bc29-35a1-44d3-b4bc-c22643c6d42a,Product_204,Sports,GlowCare,1388.08,1152.69,211,4.8
6b726b21-9fec-42d0-82eb-9859e43f2b95,Product_205,Beauty,UrbanWear,529.34,415.29,253,2.6
ecd0780b-1f51-454a-beca-6155ce13de3d,Product_206,Beauty,NovaTech,390.7,298.21,382,1.8
02ed779a-c2de-46b5-af2d-d84221f2f9d3,Product_207,Beauty,FitPro,434.25,343.7,58,2.1
9da73ea3-bb67-4a09-9d9c-ead7fbdb6b0b,Product_208,Clothing,GlowCare,1149.9,1065.07,474,3.6
c3ed2241-deeb-486f-bebd-c707f819cb12,Product_209,Beauty,BookNest,174.42,127.54,459,3.5
5c647d66-cbc3-458a-9b32-3cdecd229a76,Product_210,Clothing,HomeCraft,248.84,170.65,1,3.7
f87bb678-25ba-47ff-bbe5-5726409107dd,Product_211,Home,BookNest,1504.25,1310.53,191,4.3
9b99d041-a6b4-4755-959f-3c303bfdd98e,Product_212,Books,NovaTech,1281.19,874.14,170,3.5
d3a1de10-3a6c-4ce8-8eb3-c7b7078f6f7e,Product_213,Books,HomeCraft,521.77,320.67,238,1.1
6373cb9d-7cc8-4b35-ab3f-02965a328b11,Product_214,Books,UrbanWear,1078.81,998.5,204,3.0
b1af20f9-244a-4f4c-bb6b-691fb4b18a85,Product_215,Clothing,HomeCraft,1587.06,1411.78,197,2.5
23bd651d-2421-421b-831c-7016ee1b99d0,Product_216,Electronics,FitPro,1626.81,1278.28,262,3.4
3420c5cd-d8b2-42f3-9ee8-c911cbd2d0f0,Product_217,Sports,GlowCare,1591.51,1479.84,63,1.2
010d8697-a104-4611-9f9b-0fe3da8a2770,Product_218,Clothing,BookNest,1399.69,793.32,23,2.0
998a416a-c295-45d9-8e2f-48deef4fe412,Product_219,Beauty,FitPro,670.29,463.96,191,2.2
d8a22799-7ba1-40ac-83ea-e1411bd750db,Product_220,Clothing,HomeCraft,392.02,251.95,398,4.6
298cd479-f08b-4a5e-8778-ecb9301ab1c7,Product_221,Sports,BookNest,1166.57,714.45,237,1.6
aea06456-7a4d-4f76-bbcf-f88a7dc2ae86,Product_222,Electronics,BookNest,1435.66,1054.33,385,3.5
79822e53-8367-474d-a5b6-7535ae663747,Product_223,Home,GlowCare,1658.23,1312.75,141,4.0
410cf052-359a-46b7-9614-7c498a6c8955,Product_224,Home,NovaTech,1254.47,936.81,9,4.5
8fd8971b-636a-47b4-b0bd-3a6fc7f5ab1a,Product_225,Clothing,BookNest,478.14,328.71,67,4.6
f726a241-3673-4611-9689-6b55695e1796,Product_226,Books,BookNest,770.59,564.54,184,3.6
3e63959d-eb94-49e2-b8f9-238e0c3694ad,Product_227,Beauty,FitPro,1555.48,1431.14,423,4.5
19f20e08-3c4b-4798-b4b6-6e1371608346,Product_228,Clothing,BookNest,1800.92,1446.69,422,2.9
38536b90-752b-4269-90e6-f8461e24c51f,Product_229,Clothing,HomeCraft,1524.17,1406.7,353,4.0
ab09032f-f9db-47e5-82f0-8d85ab195b56,Product_230,Clothing,BookNest,615.91,357.46,287,1.3
6f742678-66da-4cc6-981f-d23c335e5edc,Product_231,Clothing,NovaTech,215.95,137.43,307,2.1
26689eb7-b955-4d42-9bb3-18b03705b815,Product_232,Clothing,HomeCraft,1321.48,959.39,89,1.6
76ea17fa-d792-443d-91fd-057fa3bd5498,Product_233,Home,NovaTech,1040.43,940.07,94,4.7
456f5172-88d0-4b3d-bf40-aa0861ba39eb,Product_234,Beauty,HomeCraft,1182.0,887.77,462,4.1
172d2cb6-9469-4214-a1df-7624591d5487,Product_235,Electronics,NovaTech,457.61,315.27,440,2.4
5f34a723-7721-4303-9718-f61d5eb188b8,Product_236,Home,FitPro,1655.25,1473.82,351,3.6
418a8855-91ce-41b5-ba1e-30d58b8b9a9a,Product_237,Clothing,GlowCare,254.97,198.31,483,1.7
cd545ea0-6dba-49d8-a740-0262d8e44c9d,Product_238,Beauty,BookNest,1338.79,1230.22,372,1.3
0ccf6464-09d6-49da-8f0f-81f75e19e65c,Product_239,Sports,FitPro,1951.89,1226.14,46,1.7
af43af35-8fac-4ae2-a049-810bb6122dc2,Product_240,Electronics,UrbanWear,1570.6,996.97,189,3.2
0b315d30-05e9-4fec-aee7-bb77fbefa3bc,Product_241,Sports,NovaTech,499.5,416.76,311,3.7
deaf6534-7897-4d66-9d58-f302c72756fb,Product_242,Beauty,HomeCraft,1922.97,1673.14,298,3.1
f92a2f21-56ad-4c41-bd8e-6c15c244be20,Product_243,Beauty,UrbanWear,846.69,608.59,7,1.8
fd25b61c-429b-458e-9808-0e19998460b3,Product_244,Sports,UrbanWear,1172.63,993.01,110,2.9
4d881a64-3aca-42a1-abb8-d9f71d1a8c04,Product_245,Electronics,GlowCare,198.01,124.57,417,2.5
5a4d17f8-cae3-4e4b-a77b-7d8b7a1aba57,Product_246,Beauty,UrbanWear,529.66,373.33,117,4.2
73ee3a24-eec6-435d-b1b8-deaefb2ee4c8,Product_247,Sports,FitPro,486.21,388.14,10,2.0
0bf84e96-1c09-44b5-8699-6239f40f5776,Product_248,Clothing,FitPro,1378.76,1113.81,256,4.3
fc161726-4952-4e1a-bc94-881744f0056c,Product_249,Clothing,BookNest,1508.18,1168.64,271,4.8
8d504dbe-a3ce-43e6-97d6-c98a294154d4,Product_250,Clothing,FitPro,226.63,209.43,319,4.2
53971ebe-fc07-48d7-a227-12d79471abc1,Product_251,Home,GlowCare,599.75,500.43,135,3.8
c7a482c1-d00a-4eeb-82f2-28e3539a68fb,Product_252,Electronics,NovaTech,300.59,155.09,266,3.4
967f2b84-4cf3-4ae4-b453-c4c1c92db3ff,Product_253,Electronics,BookNest,954.05,573.8,395,3.0
cc84a67f-785f-42a9-8e62-2e05306d1151,Product_254,Clothing,NovaTech,1520.11,1136.82,119,1.8
ceadf1a2-51ea-4130-961a-8b2a5a3fe4c2,Product_255,Clothing,BookNest,1733.62,972.09,382,2.0
1cdeba39-24f6-425c-879b-4db40b2045ef,Product_256,Electronics,GlowCare,1835.61,1642.19,133,2.6
860bb1cd-b528-468c-8235-ede93fe470df,Product_257,Sports,NovaTech,1478.4,805.96,440,4.1
fe4cecae-5d30-4bc2-badb-98ed45af1e96,Product_258,Clothing,BookNest,633.18,510.66,477,4.7
ef39fc7f-b12f-4fe1-9230-3b0529a74124,Product_259,Beauty,UrbanWear,363.51,292.02,465,4.6
63e06300-3dc1-441c-b6a6-7d2160c1225b,Product_260,Home,NovaTech,1825.85,1233.98,34,2.7
849074b6-e3cd-483a-a415-91f571e8325f,Product_261,Electronics,NovaTech,69.24,60.33,388,4.8
e3b3d004-2308-4dc6-b84a-0c5aa479ea9c,Product_262,Books,HomeCraft,1084.63,938.7,93,1.1
fee85bce-a3ba-408c-90b4-ce46cf406e12,Product_263,Electronics,HomeCraft,1523.24,1271.47,360,1.2
3ba7aca4-ef2b-4f8b-a12b-24997856a9b8,Product_264,Home,NovaTech,914.82,716.74,58,2.5
5b0cd085-516c-4591-bd56-225100752f2d,Product_265,Electronics,GlowCare,1244.16,871.63,487,3.7
792399fd-8be5-4ad9-b39f-e3ed8ec9651a,Product_266,Electronics,NovaTech,172.23,150.37,436,2.1
4e16e51f-55ee-45cb-9e29-844fcfe7a21c,Product_267,Clothing,FitPro,581.18,295.39,388,2.1
dfb7f99a-2020-41fd-a562-576ddc808de4,Product_268,Clothing,BookNest,1847.43,1453.62,23,2.3
be25103d-eaf0-4fa8-bb93-17b4dbec748d,Product_269,Home,GlowCare,913.54,622.67,112,2.2
63221b18-61e8-4c22-a8d8-6b44ea7145a5,Product_270,Books,NovaTech,1852.31,1242.23,481,4.3
a9813ed3-391a-4da8-b5d3-6de5a9f7d911,Product_271,Clothing,BookNest,1465.56,967.39,244,1.2
6e630e54-4dbc-499e-9d2e-7b0abf39b83b,Product_272,Electronics,GlowCare,1526.52,1398.94,298,1.5
9fe7bd08-8a1a-4753-9222-0b7eae387fd9,Product_273,Electronics,UrbanWear,1594.37,1064.25,151,3.7
314678ed-038f-4bfa-9c21-2d363724e129,Product_274,Home,BookNest,417.15,333.14,287,3.9
7fdfdd40-307a-46e7-ad22-a3ac09325e8e,Product_275,Sports,GlowCare,63.53,36.35,330,3.3
0912939e-3962-4b48-9436-c13cca4a5651,Product_276,Sports,BookNest,1187.03,798.06,244,4.6
c4c6a8f3-ee30-4c6d-819b-b06d250fcf52,Product_277,Home,FitPro,1884.14,1782.66,360,3.5
1481fd37-6f73-448f-b600-d78e6c48e77f,Product_278,Beauty,BookNest,760.48,590.04,331,1.6
62957d11-8a96-480b-8b4f-a2401cfe801f,Product_279,Books,HomeCraft,549.1,343.22,459,3.5
d632636c-26a2-4d85-8729-7601931d74c6,Product_280,Beauty,BookNest,360.64,277.74,452,2.3
37c2a7f9-91a0-467e-834a-227b894db263,Product_281,Electronics,NovaTech,1789.34,1631.03,260,3.8
eb168602-5401-410b-ada7-52d7e8dbedff,Product_282,Clothing,FitPro,995.03,608.35,423,3.1
7d152280-3c50-46c2-bace-a96630ea6ef2,Product_283,Beauty,HomeCraft,325.62,290.55,47,4.1
a47040cf-9df3-4d4a-a288-bee0fb07b8a8,Product_284,Sports,GlowCare,1628.71,921.17,324,1.2
4dd9cd6f-82d3-4eb2-b3e4-3dcc44009dd0,Product_285,Sports,FitPro,1604.41,979.75,157,4.6
b99cfdc5-714c-44dc-95c6-823e60f6a0d1,Product_286,Electronics,GlowCare,89.58,79.67,122,1.5
a22099bf-4717-4ea2-91f9-7cf228aadb0c,Product_287,Books,GlowCare,981.02,597.94,99,3.1
192204b5-fac1-4d14-b714-7739e2b06b56,Product_288,Electronics,FitPro,706.19,474.88,266,2.1
c62b894b-07cf-4211-a907-5874521738e7,Product_289,Sports,HomeCraft,1703.29,1303.7,451,3.4
9d786ba5-aaf0-452b-a6bf-5df4da5f2d12,Product_290,Beauty,UrbanWear,1402.96,1271.49,337,1.9
1331dada-55c2-4e4e-b0d5-5776a0b6a2e6,Product_291,Sports,UrbanWear,1060.03,701.3,388,3.3
acb69eab-7e9d-40e7-a5a0-8358a1f0d620,Product_292,Books,BookNest,778.76,413.85,204,4.6
174bcd1f-ea97-4982-ab37-4cbe83bd9fe4,Product_293,Books,FitPro,761.91,722.38,470,3.2
11dd923e-8f6b-424f-9da0-7f933a16d934,Product_294,Sports,BookNest,1840.56,1233.36,370,1.5
698fc121-43c7-4b4e-a48d-9bf1a7c1515b,Product_295,Electronics,UrbanWear,231.01,180.61,37,3.4
4aaa4ea9-ab95-4524-a48e-8a45bec832d6,Product_296,Home,UrbanWear,1816.96,1116.78,239,1.8
ca1b16de-59ed-4c0f-9ed5-b662de1dd25b,Product_297,Sports,BookNest,383.05,288.09,80,2.9
66652aec-fa94-48be-8669-9fd20b0de8d3,Product_298,Sports,NovaTech,1362.41,770.42,134,1.6
f41bb31b-b494-43ab-8586-7aae45c93ab3,Product_299,Books,GlowCare,1602.95,1461.53,170,3.4
ce10d661-0489-48a4-b654-c84acced5c1c,Product_300,Books,HomeCraft,296.91,199.69,284,1.7
77508d4f-9b5a-4a30-b576-00d76f45e7c6,Product_301,Beauty,BookNest,1910.63,1701.41,112,4.4
93ccdd2f-8c25-4f24-9502-ea806e5a7921,Product_302,Books,FitPro,1892.59,1140.47,192,1.2
14db3215-e05a-48b2-917b-4a702a646b60,Product_303,Books,GlowCare,1926.48,1117.21,175,4.1
aefd76b3-d087-4122-8a77-8a44db75fee2,Product_304,Sports,FitPro,244.61,210.18,323,1.1
5637f809-f9dd-4d94-9633-7e03e676bd7a,Product_305,Books,GlowCare,949.4,871.18,441,3.6
e3226aa4-b391-46fb-8aa8-563548e28faa,Product_306,Home,FitPro,1201.5,1067.04,267,4.0
f1fa0e1b-1a4f-411a-8e7f-95047f5ee3ab,Product_307,Electronics,HomeCraft,1043.84,707.32,325,2.8
d3e79cea-3435-438f-a10e-6ff68c9f922b,Product_308,Books,BookNest,1211.58,874.56,456,1.5
80e6fa83-fad9-4ccc-8e89-656e2c976f04,Product_309,Clothing,NovaTech,1921.24,1239.63,352,4.6
3161852c-7d3a-4ab7-9901-84ed8351fd98,Product_310,Sports,FitPro,1365.97,1138.97,307,2.6
b5092601-3ea9-41ea-b103-2a490b5b29fc,Product_311,Sports,NovaTech,1015.01,780.59,306,4.1
1a568b5a-9a2e-4ba7-9051-c554b9f94a48,Product_312,Home,GlowCare,750.5,581.13,121,2.3
cbdf83f0-478a-4792-90cc-34fc8e522937,Product_313,Home,BookNest,1185.13,675.7,0,3.3
55eb12ff-415c-43e9-90d6-9ee43ecba229,Product_314,Home,BookNest,819.78,490.73,275,4.0
c7b918d4-a615-43cf-8fe3-2ef39c969b28,Product_315,Beauty,UrbanWear,819.61,420.19,187,4.8
222cf41c-487c-49d3-8e4d-95505ab04f21,Product_316,Sports,BookNest,386.09,285.78,358,1.1
717e7585-2132-44a0-b40e-91d5a870be6b,Product_317,Electronics,BookNest,485.7,244.81,353,2.5
d5e66260-8034-40d1-8131-aacb0a65b801,Product_318,Beauty,HomeCraft,1116.99,761.15,96,2.2
da239785-7c81-4496-809a-746963de129a,Product_319,Home,GlowCare,958.09,905.43,237,2.1
10809971-21b1-43cb-b7f9-3ed8d65cc12c,Product_320,Sports,HomeCraft,1899.71,1504.92,493,2.2
86397f8b-0a64-4cc8-83fd-404831a037e0,Product_321,Home,NovaTech,1338.5,1051.56,198,2.9
94d21cb5-8524-4ba8-acac-c9d314c9919c,Product_322,Sports,UrbanWear,263.08,154.12,231,3.1
00fa827e-e4b5-4ff4-8891-db48e04d8cb1,Product_323,Books,HomeCraft,1614.89,1238.79,472,2.5
3a9e224c-13ef-4f24-a3a7-bb384de21106,Product_324,Home,HomeCraft,208.66,192.59,365,2.5
de0bb74d-c28c-455f-922f-f87705c73db5,Product_325,Books,UrbanWear,713.4,623.2,116,4.4
2cdd854d-8a6c-4eb8-9ba5-1e1015a68394,Product_326,Electronics,UrbanWear,505.79,423.15,435,1.2
7f05beb8-ac38-407f-9c60-d46a1284ba82,Product_327,Sports,HomeCraft,1429.47,965.29,54,1.3
2a245489-d1af-4350-a1b8-ccef56253306,Product_328,Home,FitPro,1574.6,1241.56,135,4.5
41b763d4-0816-41b1-918e-7f31a684ca4e,Product_329,Beauty,HomeCraft,1602.22,1126.87,380,3.4
8d79db0e-852a-45d6-a585-8faa11ca2d29,Product_330,Books,NovaTech,465.25,265.5,34,1.4
e13d19dd-8d80-4b4b-94ab-f3cb2b20cba6,Product_331,Home,NovaTech,870.89,474.32,282,4.9
c9967e63-7dc9-4ec7-bfd0-9d62f67b75c7,Product_332,Clothing,BookNest,24.43,17.91,451,1.4
afe5900b-e0dd-41e6-8ad4-b56cf1f81a76,Product_333,Beauty,NovaTech,1166.93,666.22,189,3.0
6696ce6f-3996-44c7-b167-fcb13226772a,Product_334,Sports,BookNest,1828.89,993.54,212,4.1
edaf2af4-fb9a-4aa5-80c0-83914870c862,Product_335,Clothing,UrbanWear,1025.02,625.31,185,4.0
b2d6e741-c56f-4834-b5e5-6742bffa7a32,Product_336,Beauty,BookNest,707.88,532.46,473,3.2
e4c51704-31f4-4ee4-ba08-83f2a1a587c6,Product_337,Home,BookNest,866.54,475.15,458,2.1
3a674216-6a34-48ca-8b7c-cc45cb85757c,Product_338,Books,HomeCraft,142.57,127.49,471,2.7
14b72476-e021-43be-9269-804240801aa3,Product_339,Sports,GlowCare,1393.53,947.92,285,1.4
66cdd737-d676-4458-81a9-0eb59737cfbd,Product_340,Beauty,FitPro,1646.39,1370.83,395,2.0
3918ae14-5a15-4bbe-a3fa-37021b474355,Product_341,Home,NovaTech,1875.12,1779.37,85,1.5
f9fce566-b946-442a-922a-1da65ffb2679,Product_342,Home,UrbanWear,1229.02,862.46,355,4.4
4e600d08-89f6-4dd1-a1e9-5f514fb569cc,Product_343,Electronics,HomeCraft,1512.03,1430.11,354,4.3
6ad45b29-4bd2-407b-8a90-1e6fe818adda,Product_344,Sports,BookNest,343.35,308.96,316,3.9
d92b1e0c-b527-4429-909f-9b47a302031a,Product_345,Clothing,HomeCraft,479.78,266.86,402,2.8
a6304bfd-34ac-4a48-8018-ab2faaaa2044,Product_346,Beauty,HomeCraft,1155.77,820.8,211,1.9
3f81058e-d13c-47c8-b5b3-7a0aa53deca2,Product_347,Sports,UrbanWear,830.91,736.99,54,1.1
6983fa1f-a21f-4b0c-a869-bbc48e914521,Product_348,Beauty,GlowCare,250.73,160.79,472,3.3
522b8b8b-f17c-47b5-8cfb-ecab57aa54fa,Product_349,Electronics,FitPro,1542.89,867.23,207,3.6
5a078cff-e93b-48c3-9b7b-e6149706296c,Product_350,Electronics,NovaTech,1266.37,1091.34,341,1.8
53bdad43-59db-4fa4-b8b4-9ef77574ee46,Product_351,Home,BookNest,1760.62,1517.6,62,4.5
a0d12bde-7144-4765-b5cb-ddd6e8031382,Product_352,Books,FitPro,1512.16,971.52,466,3.0
562330f7-5807-4311-a94a-5e100e249a21,Product_353,Electronics,HomeCraft,989.79,786.37,300,1.9
ad570464-d049-400f-810c-b16ddf9c4666,Product_354,Beauty,GlowCare,562.22,522.2,115,3.2
3da52291-7023-47e6-ada7-5a7eb6e82c17,Product_355,Electronics,HomeCraft,387.97,222.89,136,1.2
bc8128d1-ad18-4a24-87fd-cd17c02c7ef4,Product_356,Clothing,BookNest,1809.38,921.58,382,4.7
b43f1ed4-9558-4e3a-9ce6-71d50f6932cf,Product_357,Electronics,GlowCare,605.23,445.88,376,3.0
f603490e-4532-47c0-b9c8-ad4f52c617e3,Product_358,Books,GlowCare,307.4,242.42,222,1.6
70f87c86-3a47-4ba0-8a43-2b929d1197ce,Product_359,Sports,BookNest,1838.79,1710.0,442,1.3
d6ee538e-7b9a-48bb-af40-b8c541a5b7ba,Product_360,Clothing,BookNest,981.27,851.42,419,3.1
b34643ff-34c4-4c88-89b5-22a2f489ff73,Product_361,Clothing,GlowCare,152.45,78.45,93,4.1
0ae748cf-8535-45c0-a02f-f412cef6128f,Product_362,Beauty,NovaTech,1811.39,1055.75,388,3.0
68bce92a-3e4c-4d61-9124-409bcb02e4da,Product_363,Electronics,UrbanWear,112.14,96.19,458,3.9
1ca758dd-4e83-4032-8cff-8ab2de59f728,Product_364,Clothing,UrbanWear,435.77,283.57,490,4.1
e25b8084-a58c-4a58-81f3-91a86f300cbd,Product_365,Electronics,FitPro,1390.85,964.48,261,4.1
82119c7b-d1ce-4063-ab2a-c2c8105bd67f,Product_366,Clothing,HomeCraft,1855.71,1083.28,412,1.2
8ddbac40-342d-4f8e-94b0-718c96e6ebf0,Product_367,Clothing,GlowCare,583.79,431.88,498,2.5
ca791e48-f7a7-470c-914c-e1f2927b9b56,Product_368,Clothing,FitPro,968.88,654.34,459,2.2
1b53c3dc-27ed-4b27-bdee-01c39c4351c9,Product_369,Books,UrbanWear,1943.46,1206.19,424,2.2
c4046ac9-c682-4076-9ff2-c695560ba18a,Product_370,Beauty,UrbanWear,1974.27,1128.77,177,2.0
9de7fb89-e551-48cf-aa54-80ebe78d6a71,Product_371,Sports,GlowCare,436.79,288.28,226,3.3
37b6c86d-598d-4ee8-b36c-4bf86e5db2c5,Product_372,Electronics,GlowCare,692.03,586.41,33,1.7
dc534d17-f72b-4bae-8c71-39177b518437,Product_373,Electronics,HomeCraft,141.19,113.48,158,3.3
92facaba-4d38-4082-bea8-e7055ccfee01,Product_374,Electronics,UrbanWear,445.83,368.22,218,4.2
94e1845e-a956-4736-b9bb-218118394943,Product_375,Sports,FitPro,508.43,381.06,182,2.1
0d568f4d-64e1-4c4f-9f3c-6ea96f376786,Product_376,Books,HomeCraft,202.76,120.64,11,4.4
e191a3fc-4bd5-4972-94cd-8dcc0686ed08,Product_377,Books,BookNest,148.37,95.07,437,2.5
ab014c6a-b4bc-4595-a5ae-4ab30f1eb68b,Product_378,Clothing,GlowCare,1129.64,1071.03,248,3.1
991b76cc-9820-4d1c-9076-850081a766f6,Product_379,Clothing,BookNest,1033.47,857.59,127,1.6
0d967692-9c32-403e-95be-3fd2886af043,Product_380,Home,NovaTech,1063.84,581.69,349,2.1
de08072b-60bb-4f47-b183-de65bf801fee,Product_381,Home,UrbanWear,956.26,625.98,208,4.5
9a2bafda-3160-4aa4-a68d-77ea42d6f78c,Product_382,Clothing,NovaTech,241.95,131.2,443,5.0
7cf5df6d-8dad-4138-962c-21d96e05f3db,Product_383,Beauty,UrbanWear,1494.12,1138.43,158,3.5
2e005b4d-9705-474b-8639-d01b92fe936a,Product_384,Electronics,NovaTech,501.99,383.56,223,3.5
1ad4d34e-28cc-4c06-96c4-52b19d6b770b,Product_385,Beauty,FitPro,1606.24,941.06,133,3.4
f122f9fa-0a1c-4bb1-ac2f-92cbb21b37e6,Product_386,Books,BookNest,749.1,511.25,229,1.7
a95a33dc-f269-4e50-8cd5-e536c0f7bed6,Product_387,Beauty,HomeCraft,278.5,176.02,84,1.4
632a1d84-dadf-4c64-b85c-26a36749b4c5,Product_388,Sports,FitPro,1530.1,1057.13,151,2.3
cf33cbba-c68c-4435-b91f-caf13c325a94,Product_389,Books,BookNest,1721.19,1494.15,428,4.5
1db1816a-7ee7-4153-a244-446183faf1bd,Product_390,Sports,GlowCare,1686.02,1352.8,166,3.3
340c7274-c07c-4aa8-84f8-20587106b481,Product_391,Books,BookNest,1418.82,1017.9,5,3.7
84fe367b-383a-4ad7-87a4-2187b2d9e4f4,Product_392,Clothing,BookNest,309.11,158.28,394,4.1
7ed9685f-aa71-4334-bad8-60c525c07e2a,Product_393,Home,GlowCare,827.3,711.21,425,1.2
f42cb877-2cf5-4eda-82bf-3a64e1346f0a,Product_394,Beauty,UrbanWear,1664.89,1030.49,4,1.2
168e5d36-57d6-44c7-8398-2a59d59e0c12,Product_395,Electronics,HomeCraft,1930.92,1651.22,371,1.9
2d3f0e64-c94a-4167-b4a6-c24159c846d9,Product_396,Beauty,HomeCraft,782.53,454.96,317,4.0
948f0b47-0fb3-412c-8a6f-fe9fd9660450,Product_397,Home,BookNest,298.97,204.94,123,2.7
29187c3f-4c8e-46f2-8f3e-aa1041a235bb,Product_398,Home,GlowCare,127.28,81.99,346,3.5
b70c9781-d1ff-4116-ae0e-c34b0dce0e68,Product_399,Beauty,NovaTech,1611.89,1354.23,479,2.8
f5b58dee-b403-49ed-99e4-c0144b630494,Product_400,Electronics,HomeCraft,874.33,512.26,238,1.6
442364b5-6fc8-4981-b44d-2ba17d9dbb16,Product_401,Home,UrbanWear,254.87,129.01,155,4.9
f898bbb5-bca9-4f31-b41d-0b4a0372ff67,Product_402,Sports,HomeCraft,1750.63,1122.42,124,2.7
0fecdd64-887d-4111-af2b-508eae6a05c2,Product_403,Clothing,HomeCraft,729.53,375.2,448,3.7
9dabc45c-5336-4644-9279-5b8562831f23,Product_404,Electronics,FitPro,1397.81,956.62,453,2.3
2b23a285-16bf-45b5-82dc-a8ebd06ad74c,Product_405,Home,HomeCraft,1968.86,1243.36,161,1.6
4d0d56bd-012c-4a09-8072-a416c5e7b495,Product_406,Books,GlowCare,1233.92,1098.61,59,2.3
e4793913-11ff-4bc4-b9bb-729d4d8929aa,Product_407,Electronics,UrbanWear,178.36,155.26,488,2.8
64f84ef1-6b10-4db6-9e37-7e6e836e7104,Product_408,Clothing,HomeCraft,100.12,73.64,79,4.7
8fa98534-6890-404d-8520-774510d79c19,Product_409,Electronics,HomeCraft,1341.69,1141.08,378,1.0
7897d065-22f8-4e43-9b39-5d478d63d5d7,Product_410,Sports,FitPro,1066.47,851.07,382,4.5
19d24c55-cf6d-4e2f-8c11-184643fc3063,Product_411,Beauty,FitPro,402.9,376.66,13,2.2
2a16ca01-b086-486f-a094-e7891b1f8e86,Product_412,Home,FitPro,1786.4,1306.91,309,1.8
a9d3c3a9-8575-4bc9-9a3a-5d0fed2c9054,Product_413,Clothing,FitPro,1738.38,947.68,161,3.8
ee5b8833-d17f-479a-93e4-11c8ea06dd1f,Product_414,Beauty,NovaTech,487.12,438.65,494,2.2
0e19d272-fec1-45f5-ae64-45babf9c6dc7,Product_415,Beauty,UrbanWear,179.95,162.2,225,4.3
f02543d0-355f-43a7-bd70-d02be10083bd,Product_416,Sports,HomeCraft,1826.95,1699.98,357,3.2
e261d01c-506a-453e-823e-2b575d4bd33f,Product_417,Books,BookNest,1438.91,1005.38,440,2.3
3d1f46dd-9893-4ee7-8603-ba0b20e83cd8,Product_418,Home,GlowCare,1183.31,629.95,49,4.7
1003b917-94ad-4e60-a5db-b62ca9279646,Product_419,Electronics,HomeCraft,314.27,288.99,466,4.2
2ee417bb-fc4f-4123-9497-4bc8aa14a973,Product_420,Home,GlowCare,298.82,277.78,4,3.6
c7de34c8-996f-4e30-b4ac-3ec68cae4974,Product_421,Books,UrbanWear,820.61,717.39,352,4.5
5d24d2d0-4880-4892-856b-2c805aee5516,Product_422,Electronics,FitPro,1666.39,1503.09,311,1.7
2d9c3270-a465-4a10-8286-675fd095a629,Product_423,Beauty,GlowCare,1637.62,1320.25,384,1.1
8a544a87-0bb3-46de-ad92-e93d1dc68e87,Product_424,Clothing,GlowCare,896.4,784.23,136,4.0
3d9bb6ed-14f9-4539-8c5a-2a0f4de85d83,Product_425,Electronics,HomeCraft,830.59,727.28,457,4.2
b553132d-7bc5-470c-87db-df18a48f42b0,Product_426,Electronics,NovaTech,1849.84,1071.17,498,1.3
07cb0ba4-ee16-4358-ab41-0cd697e1e752,Product_427,Beauty,GlowCare,1241.96,718.45,303,1.1
a17e749b-a046-4825-b52b-73ad4f1398aa,Product_428,Books,NovaTech,224.71,199.27,80,2.3
5fa5a949-869d-46e5-aa65-14ee4127f5e6,Product_429,Home,FitPro,992.75,684.29,143,3.5
8cf290c1-1a56-4edd-8d57-6e5c5b170c92,Product_430,Clothing,FitPro,1235.85,999.74,381,2.6
4dd7160e-f019-4b58-9d09-03787e1186af,Product_431,Beauty,BookNest,1932.45,1554.65,299,3.2
a78da896-8e4c-481a-9874-4a0478f07e32,Product_432,Home,GlowCare,1846.77,1006.12,482,3.2
b75b55c0-95d5-4b4a-bf61-24adae855a0c,Product_433,Electronics,GlowCare,1216.2,812.42,84,4.0
7a028a03-c81a-4ddd-8f86-fb949d865de6,Product_434,Home,UrbanWear,705.82,591.62,184,1.7
f0a56416-8f39-4f2d-a277-7a299d943bdd,Product_435,Books,HomeCraft,496.62,436.19,321,2.1
571355da-0279-4f35-a350-f0a3282f2a1f,Product_436,Books,NovaTech,1517.17,1025.98,28,4.4
36836053-7a9d-4588-b8b0-70af54c23332,Product_437,Clothing,GlowCare,107.62,95.01,178,1.1
2e547ca6-4831-47f7-b5b4-f60043a59b7c,Product_438,Books,HomeCraft,387.69,347.31,124,3.3
0f8ae132-7025-44db-bfd2-78ae5d43dfe4,Product_439,Beauty,NovaTech,1950.96,1591.72,124,3.9
2ba9c8ac-f45b-4b9a-a004-c26c913e39bf,Product_440,Sports,BookNest,581.97,474.74,218,3.6
2f0b25bf-cb27-4bd6-92e1-8486fb9361c1,Product_441,Sports,FitPro,1803.2,1227.56,249,3.0
2fc75d65-316f-41fc-9c5c-1776d860f565,Product_442,Home,NovaTech,61.92,46.31,274,2.2
e598cb80-3160-40b2-8a65-79891ddbb945,Product_443,Beauty,UrbanWear,897.0,731.48,137,4.1
ac2df95e-acf5-40b9-b621-81405ad5a963,Product_444,Books,HomeCraft,891.46,478.58,55,1.1
d0a10df9-6d50-4422-b083-cfe3bde2fe5a,Product_445,Clothing,GlowCare,1584.21,1247.66,242,1.4
3c947806-9dff-406c-9422-ba673271a719,Product_446,Books,UrbanWear,982.73,832.1,9,3.6
fa85a00b-015a-451b-8bce-e358c063b792,Product_447,Books,FitPro,614.72,568.8,171,1.4
01efdcfd-292e-4c14-a7e6-e4ef921375c9,Product_448,Clothing,HomeCraft,537.06,304.54,81,2.8
20e2db20-f159-461e-b1e0-d92966ad802e,Product_449,Home,HomeCraft,262.31,213.08,215,2.1
5a01d435-6cf8-4941-8b15-c76a7eff54e1,Product_450,Beauty,NovaTech,1279.88,1178.59,494,1.9
80524c5a-8d23-4e94-a07b-ae85b7c6c53f,Product_451,Home,GlowCare,485.81,312.97,232,4.3
d1536f36-1a69-448c-8b2a-4f099b08a511,Product_452,Beauty,BookNest,1081.43,758.31,124,4.9
7e94d0a4-c439-42c5-9168-34027f7f82ec,Product_453,Clothing,BookNest,1593.37,1236.24,165,1.2
4da24ef2-8231-4f06-a36c-cbe52752049f,Product_454,Books,GlowCare,1442.15,836.95,51,3.0
aa7b098d-bd74-41be-8c81-278cefa3ac53,Product_455,Sports,BookNest,1434.59,1136.89,315,1.3
3c5b02f3-bc24-437d-95c8-12c7136d66ec,Product_456,Home,GlowCare,1997.17,1226.44,443,1.8
c2df19a1-3926-4eeb-9a51-4504bd8030e3,Product_457,Electronics,UrbanWear,1171.11,870.03,226,5.0
064004fe-b636-4c50-a0ab-694ab39b0c8d,Product_458,Home,GlowCare,137.9,127.78,133,4.5
a48262f5-79a5-48e0-a6a1-22194625c952,Product_459,Clothing,NovaTech,1189.75,1014.52,402,4.9
59b43a8b-bf7a-4941-ace8-33258bcefc4d,Product_460,Beauty,HomeCraft,128.33,120.3,57,3.4
4b7c78ec-373f-42df-90df-06fd9173a831,Product_461,Home,FitPro,1221.94,770.14,278,2.3
ffe18f92-2045-4f67-861b-60ae7d0598e4,Product_462,Electronics,UrbanWear,1976.45,1475.21,420,2.3
bc5c8837-4e9c-4b9f-a3df-c1cb74f74922,Product_463,Clothing,GlowCare,1070.46,617.37,286,4.1
c77b8829-6ab4-4ad8-ad9e-d2b11a2d29db,Product_464,Electronics,BookNest,234.16,142.55,223,1.0
0bd99e3f-c000-4b2e-8127-085f4b2317f6,Product_465,Home,UrbanWear,525.13,487.85,395,2.7
555d2b7f-46ac-4ffe-92ca-991d475419c4,Product_466,Beauty,HomeCraft,1086.46,816.69,53,3.8
f13b0570-bc1e-4af3-a00a-005ed43576dc,Product_467,Clothing,HomeCraft,1720.92,1630.22,22,5.0
07b3f7cf-49cb-4e9c-a522-01df72a18dcf,Product_468,Books,NovaTech,870.44,742.73,328,1.3
4a682ad0-09a2-49bf-8d11-135a17a5ae67,Product_469,Clothing,NovaTech,1999.48,1264.37,151,2.3
6e66f1cb-dc41-4ea7-9244-4551fa56abac,Product_470,Beauty,FitPro,788.39,476.3,274,2.0
e8437edb-4d06-4b3e-b6ee-41d6b4304016,Product_471,Clothing,BookNest,1012.28,661.24,373,1.5
605723cc-347f-447b-aa93-ea54162eca2d,Product_472,Sports,BookNest,1994.79,1205.1,126,4.5
de9ff5f4-3a23-4f16-9005-cd0e6acabab1,Product_473,Books,FitPro,450.82,362.11,92,2.4
045efd63-d1d4-433a-a307-a460abb4201c,Product_474,Sports,NovaTech,1179.35,641.27,73,3.1
ce3b34f4-cee2-481a-ba7b-c95f09f53a63,Product_475,Beauty,GlowCare,412.96,242.82,489,5.0
e8b0ecb1-fa08-48b8-afcd-995e30b87274,Product_476,Beauty,NovaTech,507.13,409.54,279,1.3
b0212039-a309-446a-a2d8-7ac7473b9262,Product_477,Beauty,BookNest,893.32,600.11,414,2.4
40915323-b26c-47fe-bf74-91bfa56460e5,Product_478,Home,BookNest,747.79,447.77,155,3.9
b9d58e1d-e5f1-4d82-9883-f8613b4e1c51,Product_479,Electronics,GlowCare,1531.63,1344.67,420,1.5
bb8d36a3-a790-4cd9-a88a-937c7021d044,Product_480,Electronics,HomeCraft,517.66,267.36,124,4.6
5ec1bacb-c981-40da-9a48-5d16e9d2267b,Product_481,Beauty,FitPro,1578.57,1000.95,490,2.6
cc9e1dde-066c-45e9-9b82-b8d54a4bc9c7,Product_482,Home,BookNest,369.73,262.09,42,2.0
2857f8d3-fe60-4a25-abc9-1dbe3e3fe6c2,Product_483,Books,HomeCraft,472.08,285.59,442,2.7
23bec5d4-24f4-4388-9918-63c3328902c5,Product_484,Books,NovaTech,356.69,328.56,491,3.1
57587485-c613-4297-8a13-30812487667d,Product_485,Home,GlowCare,211.93,198.45,61,4.1
dc63a48c-73c1-4b8f-b4b6-c8102d71d7c0,Product_486,Electronics,BookNest,1940.65,1220.53,479,3.3
10d7a4fe-687b-4dd0-9a04-e84f82e221f2,Product_487,Sports,UrbanWear,1249.82,658.11,38,3.2
f86de2c8-013b-4f7f-bb59-e2cc1bdf3d1e,Product_488,Electronics,UrbanWear,806.6,741.72,10,4.6
18fdd53e-9e98-44c8-a53e-c0c26e2a8dd9,Product_489,Home,FitPro,1540.01,1095.86,303,2.5
95edb07f-08b3-4f13-a438-cb3ea8e49a43,Product_490,Beauty,HomeCraft,1771.5,1414.66,169,3.6
21669c5a-bb00-4789-86f8-227d84a50164,Product_491,Clothing,FitPro,1112.9,873.28,3,2.2
bd04cf82-170c-45c7-bacb-fc444049482c,Product_492,Home,UrbanWear,418.85,387.55,95,4.0
319b1b85-f645-418d-8548-e350db2fa83f,Product_493,Home,UrbanWear,842.92,473.11,299,3.6
f7c31f74-a0c8-41fc-b793-9f7a2881b9e7,Product_494,Clothing,GlowCare,1161.51,733.49,196,3.8
34d18187-aa04-4fc3-91c6-26972c5704e7,Product_495,Clothing,GlowCare,1189.5,894.75,202,2.7
870595dd-2bde-44d3-a4e2-4c62632164b0,Product_496,Books,HomeCraft,729.98,491.48,306,3.1
0f9962ac-cbcb-474e-9843-932a1ddf9b44,Product_497,Sports,FitPro,837.79,744.77,492,4.4
29135d51-8d0c-49b2-8d86-5a27e0ba4008,Product_498,Beauty,NovaTech,1174.95,814.72,445,1.7
81ec3841-43b6-498c-b6a2-8d991333e50d,Product_499,Electronics,GlowCare,593.66,386.33,460,4.1
bea645b0-bc81-477d-9861-cd3ab933faab,Product_500,Sports,FitPro,103.44,63.08,362,3.8
